heb_book	heb_book_en	heb_chapter	heb_verse	n_words	n_strongs	kjv_chapter	kjv_verse	n_strongs_hebrew	n_matched	overlap	basis	needs_spotcheck
1	Genesis	32	33	17	17	32	32	14	9	0.6429	regional	True
2	Exodus	7	26	13	13	8	1	10	8	0.8	regional	True
2	Exodus	7	27	8	8	8	2	8	5	0.625	regional	True
2	Exodus	7	28	14	14	8	3	13	13	1.0	regional	True
2	Exodus	7	29	5	4	8	4	4	4	1.0	regional	True
2	Exodus	21	37	15	15	22	1	12	9	0.75	regional	False
3	Leviticus	5	20	4	4	6	1	4	4	1.0	regional	False
3	Leviticus	5	21	16	16	6	2	14	12	0.8571	regional	False
3	Leviticus	5	22	12	11	6	3	11	10	0.9091	regional	False
3	Leviticus	5	23	20	20	6	4	15	11	0.7333	regional	False
3	Leviticus	5	24	17	16	6	5	15	9	0.6	regional	True
3	Leviticus	5	25	9	9	6	6	8	8	1.0	regional	False
3	Leviticus	5	26	12	10	6	7	10	8	0.8	regional	False
4	Numbers	17	14	11	11	16	49	10	8	0.8	unique-best	False
4	Numbers	17	15	8	8	16	50	8	8	1.0	unique-best	False
4	Numbers	17	16	4	4	17	1	4	4	1.0	tiebreak-runmajority	False
4	Numbers	17	17	20	20	17	2	14	13	0.9286	unique-best	False
4	Numbers	17	18	12	12	17	3	11	9	0.8182	unique-best	False
4	Numbers	17	19	9	8	17	4	8	6	0.75	unique-best	False
4	Numbers	17	20	15	14	17	5	12	8	0.6667	unique-best	True
4	Numbers	17	21	22	22	17	6	15	14	0.9333	unique-best	False
4	Numbers	17	22	7	7	17	7	7	7	1.0	unique-best	False
4	Numbers	17	23	17	17	17	8	17	15	0.8824	unique-best	False
4	Numbers	17	24	11	11	17	9	10	10	1.0	unique-best	False
4	Numbers	17	25	16	16	17	10	16	14	0.875	unique-best	False
4	Numbers	17	26	8	8	17	11	7	4	0.5714	unique-best	True
4	Numbers	17	27	10	10	17	12	8	6	0.75	unique-best	False
4	Numbers	17	28	9	9	17	13	8	6	0.75	unique-best	False
4	Numbers	25	19	3	3	26	1	3	2	0.6667	tiebreak-order	True
4	Numbers	30	17	14	14	30	16	13	10	0.7692	regional	False
5	Deuteronomy	13	19	16	16	13	18	14	11	0.7857	unique-best	False
5	Deuteronomy	23	26	13	13	23	25	11	8	0.7273	regional	False
5	Deuteronomy	28	69	16	16	29	1	14	11	0.7857	regional	False
9	1 Samuel	21	16	10	10	21	15	7	4	0.5714	regional	True
9	1 Samuel	24	23	10	10	24	22	8	7	0.875	unique-best	False
10	2 Samuel	19	44	25	23	19	43	17	14	0.8235	regional	False
11	1 Kings	5	19	21	21	5	5	15	12	0.8	regional	False
11	1 Kings	5	20	25	22	5	6	18	11	0.6111	regional	True
11	1 Kings	5	21	19	19	5	7	19	16	0.8421	regional	False
11	1 Kings	5	22	15	15	5	8	13	10	0.7692	regional	False
11	1 Kings	5	23	21	21	5	9	19	15	0.7895	regional	False
11	1 Kings	5	24	9	9	5	10	8	7	0.875	regional	False
11	1 Kings	5	25	18	18	5	11	12	12	1.0	regional	False
11	1 Kings	5	26	15	14	5	12	12	9	0.75	regional	False
11	1 Kings	5	27	10	10	5	13	9	8	0.8889	regional	False
11	1 Kings	5	28	14	14	5	14	11	10	0.9091	regional	False
11	1 Kings	5	29	10	10	5	15	9	8	0.8889	regional	False
11	1 Kings	5	30	14	14	5	16	12	10	0.8333	regional	False
11	1 Kings	5	31	11	11	5	17	9	9	1.0	regional	False
11	1 Kings	5	32	11	11	5	18	9	9	1.0	regional	False
11	1 Kings	22	54	11	10	22	53	10	9	0.9	regional	False
12	2 Kings	12	22	16	16	12	21	16	14	0.875	regional	False
13	1 Chronicles	5	27	5	5	6	1	5	5	1.0	regional	False
13	1 Chronicles	5	28	6	6	6	2	6	6	1.0	regional	False
13	1 Chronicles	5	29	11	11	6	3	9	9	1.0	regional	False
13	1 Chronicles	5	30	6	6	6	4	4	4	1.0	regional	False
13	1 Chronicles	5	31	6	6	6	5	4	4	1.0	regional	False
13	1 Chronicles	5	32	6	6	6	6	4	4	1.0	regional	False
13	1 Chronicles	5	33	6	6	6	7	4	4	1.0	regional	False
13	1 Chronicles	5	34	6	6	6	8	4	4	1.0	regional	False
13	1 Chronicles	5	35	6	6	6	9	4	4	1.0	regional	False
13	1 Chronicles	5	36	10	10	6	10	10	8	0.8	regional	False
13	1 Chronicles	5	37	6	6	6	11	4	4	1.0	regional	False
13	1 Chronicles	5	38	6	6	6	12	4	4	1.0	regional	False
13	1 Chronicles	5	39	6	6	6	13	4	4	1.0	regional	False
13	1 Chronicles	5	40	6	6	6	14	4	4	1.0	regional	False
13	1 Chronicles	5	41	8	8	6	15	8	8	1.0	regional	False
13	1 Chronicles	12	41	22	22	12	40	21	18	0.8571	regional	False
14	2 Chronicles	1	18	8	8	2	1	7	7	1.0	unique-best	False
14	2 Chronicles	13	23	16	16	14	1	16	14	0.875	unique-best	False
16	Nehemiah	3	33	13	12	4	1	12	9	0.75	regional	False
16	Nehemiah	3	34	21	20	4	2	19	16	0.8421	regional	False
16	Nehemiah	3	35	12	12	4	3	12	10	0.8333	regional	False
16	Nehemiah	3	36	11	11	4	4	11	10	0.9091	regional	False
16	Nehemiah	3	37	9	9	4	5	9	7	0.7778	regional	False
16	Nehemiah	3	38	9	9	4	6	8	7	0.875	regional	False
16	Nehemiah	10	40	21	21	10	39	21	18	0.8571	regional	False
18	Job	40	25	6	6	41	1	6	6	1.0	regional	False
18	Job	40	26	6	6	41	2	6	6	1.0	regional	False
18	Job	40	27	6	6	41	3	5	4	0.8	regional	False
18	Job	40	28	6	6	41	4	6	5	0.8333	regional	False
18	Job	40	29	4	3	41	5	3	3	1.0	regional	False
18	Job	40	30	6	6	41	6	6	3	0.5	regional-carry	True
18	Job	40	31	6	6	41	7	6	6	1.0	regional	False
18	Job	40	32	5	5	41	8	5	4	0.8	regional	False
19	Psalms	3	9	5	5	3	8	5	5	1.0	regional	False
19	Psalms	4	9	9	9	4	8	9	8	0.8889	regional	False
19	Psalms	5	13	7	7	5	12	7	6	0.8571	regional	False
19	Psalms	6	11	7	7	6	10	6	6	1.0	regional	False
19	Psalms	7	18	6	6	7	17	5	5	1.0	regional	False
19	Psalms	8	10	5	5	8	9	5	5	1.0	tiebreak-bookmajority	False
19	Psalms	9	21	9	8	9	20	8	7	0.875	regional	False
19	Psalms	12	9	7	7	12	8	7	7	1.0	regional	False
19	Psalms	17	17	12	12	17	1	11	11	1.0	regional	False
19	Psalms	18	51	10	10	18	50	9	9	1.0	regional	False
19	Psalms	19	15	9	9	19	14	9	8	0.8889	regional	False
19	Psalms	20	10	5	5	20	9	5	5	1.0	unique-best	False
19	Psalms	21	14	6	6	21	13	6	6	1.0	regional	False
19	Psalms	22	32	7	7	22	31	7	6	0.8571	regional	False
19	Psalms	30	13	9	9	30	12	9	7	0.7778	regional	False
19	Psalms	31	25	5	5	31	24	5	5	1.0	regional	False
19	Psalms	34	23	8	7	34	22	7	6	0.8571	regional	False
19	Psalms	36	13	7	7	36	12	7	6	0.8571	regional	False
19	Psalms	38	23	4	4	38	22	4	4	1.0	regional	False
19	Psalms	39	14	6	6	39	13	6	3	0.5	regional-carry	True
19	Psalms	40	18	11	10	40	17	10	8	0.8	regional	False
19	Psalms	41	14	9	9	41	13	7	6	0.8571	regional	False
19	Psalms	42	12	11	11	42	11	10	8	0.8	tiebreak-bookmajority	False
19	Psalms	44	27	6	5	44	26	5	4	0.8	regional	False
19	Psalms	45	18	9	9	45	17	8	7	0.875	regional	False
19	Psalms	46	12	7	6	46	11	6	5	0.8333	tiebreak-bookmajority	False
19	Psalms	47	10	11	11	47	9	9	8	0.8889	regional	False
19	Psalms	48	15	9	9	48	14	8	5	0.625	regional	True
19	Psalms	49	21	7	7	49	20	7	6	0.8571	unique-best	False
19	Psalms	51	20	6	6	51	18	6	6	1.0	regional	False
19	Psalms	51	21	9	9	51	19	8	7	0.875	regional	False
19	Psalms	52	10	9	9	52	8	8	7	0.875	regional	False
19	Psalms	52	11	9	9	52	9	9	7	0.7778	regional	False
19	Psalms	53	7	13	13	53	6	12	11	0.9167	regional	False
19	Psalms	54	8	6	5	54	6	5	5	1.0	regional	False
19	Psalms	54	9	6	6	54	7	6	5	0.8333	regional	False
19	Psalms	55	24	12	11	55	23	11	8	0.7273	regional	False
19	Psalms	56	14	12	12	56	13	12	10	0.8333	regional	False
19	Psalms	57	12	6	6	57	11	6	5	0.8333	tiebreak-bookmajority	False
19	Psalms	58	12	8	8	58	11	8	7	0.875	regional	False
19	Psalms	59	18	7	7	59	17	6	5	0.8333	unique-best	False
19	Psalms	60	13	6	5	60	11	5	5	1.0	regional	False
19	Psalms	60	14	5	5	60	12	5	4	0.8	regional	False
19	Psalms	61	9	8	8	61	8	7	6	0.8571	regional	False
19	Psalms	62	13	6	6	62	12	6	5	0.8333	regional	False
19	Psalms	63	12	10	9	63	11	9	8	0.8889	regional	False
19	Psalms	64	11	7	6	64	10	6	6	1.0	regional	False
19	Psalms	65	14	7	7	65	13	7	7	1.0	regional	False
19	Psalms	67	8	5	5	67	7	5	4	0.8	unique-best	False
19	Psalms	68	36	12	12	68	35	11	10	0.9091	regional	False
19	Psalms	69	37	6	5	69	36	5	5	1.0	regional	False
19	Psalms	70	6	10	9	70	5	9	7	0.7778	regional	False
19	Psalms	75	11	6	6	75	10	5	5	1.0	unique-best	False
19	Psalms	76	13	5	5	76	12	5	5	1.0	regional	False
19	Psalms	77	21	5	5	77	20	5	5	1.0	regional	False
19	Psalms	80	20	7	7	80	19	7	7	1.0	unique-best	False
19	Psalms	81	17	6	6	81	16	6	6	1.0	regional	False
19	Psalms	83	19	7	7	83	18	7	5	0.7143	regional	False
19	Psalms	84	13	6	5	84	12	5	5	1.0	regional	False
19	Psalms	85	14	6	6	85	13	6	6	1.0	regional	False
19	Psalms	88	19	6	6	88	18	6	5	0.8333	regional	False
19	Psalms	89	53	5	5	89	52	4	4	1.0	unique-best	False
19	Psalms	92	16	7	6	92	15	5	5	1.0	regional	False
19	Psalms	102	29	5	5	102	28	5	5	1.0	regional	False
19	Psalms	108	14	5	5	108	13	5	4	0.8	regional	False
19	Psalms	140	14	7	7	140	13	7	6	0.8571	regional	False
19	Psalms	142	8	11	10	142	7	10	8	0.8	regional	False
21	Ecclesiastes	4	17	16	16	5	1	15	13	0.8667	regional	False
22	The Song of Solomon	7	14	9	8	7	13	8	8	1.0	regional	False
23	Isaiah	8	23	21	20	9	1	19	16	0.8421	regional	False
23	Isaiah	27	22	20	20	27	1	17	14	0.8235	regional	False
24	Jeremiah	8	23	12	12	9	1	12	11	0.9167	regional	False
24	Jeremiah	28	23	25	25	28	1	22	18	0.8182	regional	False
25	Lamentations	2	23	14	14	2	1	13	12	0.9231	regional	False
26	Ezekiel	21	33	20	20	21	28	17	14	0.8235	regional	False
26	Ezekiel	21	34	15	13	21	29	13	12	0.9231	regional	False
26	Ezekiel	21	35	8	8	21	30	8	7	0.875	regional	False
26	Ezekiel	21	36	13	13	21	31	12	10	0.8333	regional	False
26	Ezekiel	21	37	13	13	21	32	12	8	0.6667	regional	True
27	Daniel	3	31	10	10	4	1	9	9	1.0	regional	False
27	Daniel	3	32	11	11	4	2	10	9	0.9	regional	False
27	Daniel	3	33	12	12	4	3	9	9	1.0	regional	False
27	Daniel	6	29	9	9	6	28	7	7	1.0	regional	False
28	Hosea	2	24	8	8	2	22	7	6	0.8571	regional	False
28	Hosea	2	25	12	11	2	23	9	6	0.6667	regional	True
28	Hosea	12	15	10	9	12	14	9	7	0.7778	regional	False
28	Hosea	14	10	15	13	14	9	12	10	0.8333	regional	False
29	Joel	4	1	12	12	3	1	11	6	0.5455	regional	True
29	Joel	4	2	16	16	3	2	15	12	0.8	regional	False
29	Joel	4	3	10	10	3	3	10	10	1.0	regional	False
29	Joel	4	4	20	19	3	4	15	11	0.7333	regional	False
29	Joel	4	5	7	7	3	5	7	7	1.0	regional	False
29	Joel	4	6	11	11	3	6	9	7	0.7778	regional	False
29	Joel	4	7	9	9	3	7	9	6	0.6667	regional	True
29	Joel	4	8	13	13	3	8	11	10	0.9091	regional	False
29	Joel	4	9	11	11	3	9	10	7	0.7	regional	False
29	Joel	4	10	9	9	3	10	9	8	0.8889	regional	False
29	Joel	4	11	9	9	3	11	9	8	0.8889	regional	False
29	Joel	4	12	11	11	3	12	10	8	0.8	regional	False
29	Joel	4	13	14	14	3	13	13	12	0.9231	regional	False
29	Joel	4	14	10	10	3	14	7	6	0.8571	regional	False
29	Joel	4	15	6	6	3	15	6	6	1.0	regional	False
29	Joel	4	16	15	15	3	16	14	14	1.0	regional	False
29	Joel	4	17	14	13	3	17	12	8	0.6667	regional	True
29	Joel	4	18	20	20	3	18	19	17	0.8947	regional	False
29	Joel	4	19	13	13	3	19	11	10	0.9091	regional	False
29	Joel	4	20	6	6	3	20	5	5	1.0	regional	False
29	Joel	4	21	6	6	3	21	5	5	1.0	regional	False
32	Jonah	2	11	6	6	2	10	6	6	1.0	unique-best	False
33	Micah	4	14	12	12	5	1	12	9	0.75	regional	False
34	Nahum	2	14	18	18	2	13	18	15	0.8333	regional	False
38	Zechariah	2	14	8	8	2	10	8	7	0.875	regional	False
38	Zechariah	2	15	16	15	2	11	14	11	0.7857	regional	False
38	Zechariah	2	16	10	10	2	12	10	8	0.8	regional	False
38	Zechariah	2	17	8	8	2	13	8	7	0.875	regional	False
39	Malachi	3	19	22	21	4	1	19	15	0.7895	regional	False
39	Malachi	3	20	12	11	4	2	11	11	1.0	regional	False
39	Malachi	3	21	14	14	4	3	14	10	0.7143	regional	False
39	Malachi	3	22	11	11	4	4	11	9	0.8182	regional	False
39	Malachi	3	23	13	12	4	5	12	9	0.75	regional	False
39	Malachi	3	24	10	10	4	6	8	8	1.0	regional	False
